feature,threshold,TP,TN,FP,FN,accuracy,fpr,fnr
depth,0.02,24,0,72,0,0.25,1.0,0.0
depth,0.022,24,0,72,0,0.25,1.0,0.0
depth,0.024,24,0,72,0,0.25,1.0,0.0
depth,0.026000000000000002,24,1,71,0,0.2604166666666667,0.9861111111111112,0.0
depth,0.028,24,2,70,0,0.2708333333333333,0.9722222222222222,0.0
depth,0.03,24,2,70,0,0.2708333333333333,0.9722222222222222,0.0
depth,0.032,24,6,66,0,0.3125,0.9166666666666666,0.0
depth,0.034,24,7,65,0,0.3229166666666667,0.9027777777777778,0.0
depth,0.036000000000000004,24,8,64,0,0.3333333333333333,0.8888888888888888,0.0
depth,0.038000000000000006,24,9,63,0,0.34375,0.875,0.0
depth,0.04,24,11,61,0,0.3645833333333333,0.8472222222222222,0.0
depth,0.041999999999999996,24,12,60,0,0.375,0.8333333333333334,0.0
depth,0.044,24,12,60,0,0.375,0.8333333333333334,0.0
depth,0.046,24,14,58,0,0.3958333333333333,0.8055555555555556,0.0
depth,0.048,24,19,53,0,0.4479166666666667,0.7361111111111112,0.0
depth,0.05,24,22,50,0,0.4791666666666667,0.6944444444444444,0.0
depth,0.052000000000000005,24,26,46,0,0.5208333333333334,0.6388888888888888,0.0
depth,0.054000000000000006,24,34,38,0,0.6041666666666666,0.5277777777777778,0.0
depth,0.05600000000000001,24,36,36,0,0.625,0.5,0.0
depth,0.057999999999999996,24,41,31,0,0.6770833333333334,0.4305555555555556,0.0
depth,0.06,24,45,27,0,0.71875,0.375,0.0
depth,0.062,24,47,25,0,0.7395833333333334,0.3472222222222222,0.0
depth,0.064,24,50,22,0,0.7708333333333334,0.3055555555555556,0.0
depth,0.066,24,52,20,0,0.7916666666666666,0.2777777777777778,0.0
depth,0.068,24,53,19,0,0.8020833333333334,0.2638888888888889,0.0
depth,0.07,24,56,16,0,0.8333333333333334,0.2222222222222222,0.0
depth,0.07200000000000001,24,59,13,0,0.8645833333333334,0.18055555555555555,0.0
depth,0.074,24,60,12,0,0.875,0.16666666666666666,0.0
depth,0.076,24,61,11,0,0.8854166666666666,0.1527777777777778,0.0
depth,0.078,24,63,9,0,0.90625,0.125,0.0
depth,0.08,24,63,9,0,0.90625,0.125,0.0
depth,0.082,24,63,9,0,0.90625,0.125,0.0
depth,0.084,24,64,8,0,0.9166666666666666,0.1111111111111111,0.0
depth,0.08600000000000001,24,64,8,0,0.9166666666666666,0.1111111111111111,0.0
depth,0.08800000000000001,24,66,6,0,0.9375,0.08333333333333333,0.0
depth,0.09000000000000001,24,67,5,0,0.9479166666666666,0.06944444444444445,0.0
depth,0.09200000000000001,24,68,4,0,0.9583333333333334,0.05555555555555555,0.0
depth,0.094,24,69,3,0,0.96875,0.041666666666666664,0.0
depth,0.096,24,69,3,0,0.96875,0.041666666666666664,0.0
depth,0.098,24,69,3,0,0.96875,0.041666666666666664,0.0
depth,0.1,24,69,3,0,0.96875,0.041666666666666664,0.0
depth,0.10200000000000001,24,69,3,0,0.96875,0.041666666666666664,0.0
depth,0.10400000000000001,24,69,3,0,0.96875,0.041666666666666664,0.0
depth,0.10600000000000001,24,69,3,0,0.96875,0.041666666666666664,0.0
depth,0.108,24,69,3,0,0.96875,0.041666666666666664,0.0
depth,0.11,24,69,3,0,0.96875,0.041666666666666664,0.0
depth,0.112,24,69,3,0,0.96875,0.041666666666666664,0.0
depth,0.114,24,70,2,0,0.9791666666666666,0.027777777777777776,0.0
depth,0.116,24,70,2,0,0.9791666666666666,0.027777777777777776,0.0
depth,0.11800000000000001,24,70,2,0,0.9791666666666666,0.027777777777777776,0.0
depth,0.12000000000000001,24,71,1,0,0.9895833333333334,0.013888888888888888,0.0
depth,0.12200000000000001,24,71,1,0,0.9895833333333334,0.013888888888888888,0.0
depth,0.12400000000000001,24,71,1,0,0.9895833333333334,0.013888888888888888,0.0
depth,0.126,24,71,1,0,0.9895833333333334,0.013888888888888888,0.0
depth,0.128,24,72,0,0,1.0,0.0,0.0
depth,0.13,24,72,0,0,1.0,0.0,0.0
depth,0.132,24,72,0,0,1.0,0.0,0.0
depth,0.134,24,72,0,0,1.0,0.0,0.0
depth,0.136,24,72,0,0,1.0,0.0,0.0
depth,0.138,24,72,0,0,1.0,0.0,0.0
depth,0.13999999999999999,24,72,0,0,1.0,0.0,0.0
depth,0.142,24,72,0,0,1.0,0.0,0.0
depth,0.144,24,72,0,0,1.0,0.0,0.0
depth,0.146,24,72,0,0,1.0,0.0,0.0
depth,0.148,24,72,0,0,1.0,0.0,0.0
depth,0.15,24,72,0,0,1.0,0.0,0.0
depth,0.152,24,72,0,0,1.0,0.0,0.0
depth,0.154,24,72,0,0,1.0,0.0,0.0
depth,0.156,23,72,0,1,0.9895833333333334,0.0,0.041666666666666664
depth,0.158,23,72,0,1,0.9895833333333334,0.0,0.041666666666666664
depth,0.16,23,72,0,1,0.9895833333333334,0.0,0.041666666666666664
depth,0.162,23,72,0,1,0.9895833333333334,0.0,0.041666666666666664
depth,0.164,23,72,0,1,0.9895833333333334,0.0,0.041666666666666664
depth,0.16599999999999998,23,72,0,1,0.9895833333333334,0.0,0.041666666666666664
depth,0.16799999999999998,22,72,0,2,0.9791666666666666,0.0,0.08333333333333333
depth,0.16999999999999998,22,72,0,2,0.9791666666666666,0.0,0.08333333333333333
depth,0.172,21,72,0,3,0.96875,0.0,0.125
depth,0.174,21,72,0,3,0.96875,0.0,0.125
depth,0.176,21,72,0,3,0.96875,0.0,0.125
depth,0.178,19,72,0,5,0.9479166666666666,0.0,0.20833333333333334
depth,0.18,19,72,0,5,0.9479166666666666,0.0,0.20833333333333334
depth,0.182,19,72,0,5,0.9479166666666666,0.0,0.20833333333333334
depth,0.184,19,72,0,5,0.9479166666666666,0.0,0.20833333333333334
depth,0.186,19,72,0,5,0.9479166666666666,0.0,0.20833333333333334
depth,0.188,19,72,0,5,0.9479166666666666,0.0,0.20833333333333334
depth,0.19,19,72,0,5,0.9479166666666666,0.0,0.20833333333333334
depth,0.192,19,72,0,5,0.9479166666666666,0.0,0.20833333333333334
depth,0.194,18,72,0,6,0.9375,0.0,0.25
depth,0.19599999999999998,17,72,0,7,0.9270833333333334,0.0,0.2916666666666667
depth,0.19799999999999998,17,72,0,7,0.9270833333333334,0.0,0.2916666666666667
depth,0.19999999999999998,17,72,0,7,0.9270833333333334,0.0,0.2916666666666667
depth,0.20199999999999999,16,72,0,8,0.9166666666666666,0.0,0.3333333333333333
depth,0.204,16,72,0,8,0.9166666666666666,0.0,0.3333333333333333
depth,0.206,15,72,0,9,0.90625,0.0,0.375
depth,0.208,15,72,0,9,0.90625,0.0,0.375
depth,0.21,15,72,0,9,0.90625,0.0,0.375
depth,0.212,15,72,0,9,0.90625,0.0,0.375
depth,0.214,15,72,0,9,0.90625,0.0,0.375
depth,0.216,14,72,0,10,0.8958333333333334,0.0,0.4166666666666667
depth,0.218,14,72,0,10,0.8958333333333334,0.0,0.4166666666666667
depth,0.22,12,72,0,12,0.875,0.0,0.5
detrended_snr,0.5,24,0,72,0,0.25,1.0,0.0
detrended_snr,0.55,24,0,72,0,0.25,1.0,0.0
detrended_snr,0.6,24,0,72,0,0.25,1.0,0.0
detrended_snr,0.65,24,0,72,0,0.25,1.0,0.0
detrended_snr,0.7,24,0,72,0,0.25,1.0,0.0
detrended_snr,0.75,24,0,72,0,0.25,1.0,0.0
detrended_snr,0.8,24,0,72,0,0.25,1.0,0.0
detrended_snr,0.8500000000000001,24,1,71,0,0.2604166666666667,0.9861111111111112,0.0
detrended_snr,0.9,24,2,70,0,0.2708333333333333,0.9722222222222222,0.0
detrended_snr,0.95,24,3,69,0,0.28125,0.9583333333333334,0.0
detrended_snr,1.0,24,4,68,0,0.2916666666666667,0.9444444444444444,0.0
detrended_snr,1.05,24,5,67,0,0.3020833333333333,0.9305555555555556,0.0
detrended_snr,1.1,24,5,67,0,0.3020833333333333,0.9305555555555556,0.0
detrended_snr,1.15,24,7,65,0,0.3229166666666667,0.9027777777777778,0.0
detrended_snr,1.2000000000000002,24,8,64,0,0.3333333333333333,0.8888888888888888,0.0
detrended_snr,1.25,24,12,60,0,0.375,0.8333333333333334,0.0
detrended_snr,1.3,24,13,59,0,0.3854166666666667,0.8194444444444444,0.0
detrended_snr,1.35,24,14,58,0,0.3958333333333333,0.8055555555555556,0.0
detrended_snr,1.4,24,14,58,0,0.3958333333333333,0.8055555555555556,0.0
detrended_snr,1.4500000000000002,24,16,56,0,0.4166666666666667,0.7777777777777778,0.0
detrended_snr,1.5,24,19,53,0,0.4479166666666667,0.7361111111111112,0.0
detrended_snr,1.55,24,19,53,0,0.4479166666666667,0.7361111111111112,0.0
detrended_snr,1.6,24,22,50,0,0.4791666666666667,0.6944444444444444,0.0
detrended_snr,1.6500000000000001,24,26,46,0,0.5208333333333334,0.6388888888888888,0.0
detrended_snr,1.7000000000000002,24,29,43,0,0.5520833333333334,0.5972222222222222,0.0
detrended_snr,1.75,24,34,38,0,0.6041666666666666,0.5277777777777778,0.0
detrended_snr,1.8,24,37,35,0,0.6354166666666666,0.4861111111111111,0.0
detrended_snr,1.85,24,39,33,0,0.65625,0.4583333333333333,0.0
detrended_snr,1.9000000000000001,24,41,31,0,0.6770833333333334,0.4305555555555556,0.0
detrended_snr,1.9500000000000002,24,42,30,0,0.6875,0.4166666666666667,0.0
detrended_snr,2.0,24,47,25,0,0.7395833333333334,0.3472222222222222,0.0
detrended_snr,2.05,24,47,25,0,0.7395833333333334,0.3472222222222222,0.0
detrended_snr,2.1,24,47,25,0,0.7395833333333334,0.3472222222222222,0.0
detrended_snr,2.1500000000000004,23,47,25,1,0.7291666666666666,0.3472222222222222,0.041666666666666664
detrended_snr,2.2,23,52,20,1,0.78125,0.2777777777777778,0.041666666666666664
detrended_snr,2.25,23,53,19,1,0.7916666666666666,0.2638888888888889,0.041666666666666664
detrended_snr,2.3,23,54,18,1,0.8020833333333334,0.25,0.041666666666666664
detrended_snr,2.35,23,54,18,1,0.8020833333333334,0.25,0.041666666666666664
detrended_snr,2.4000000000000004,23,59,13,1,0.8541666666666666,0.18055555555555555,0.041666666666666664
detrended_snr,2.45,23,61,11,1,0.875,0.1527777777777778,0.041666666666666664
detrended_snr,2.5,23,62,10,1,0.8854166666666666,0.1388888888888889,0.041666666666666664
detrended_snr,2.5500000000000003,23,64,8,1,0.90625,0.1111111111111111,0.041666666666666664
detrended_snr,2.6,23,64,8,1,0.90625,0.1111111111111111,0.041666666666666664
detrended_snr,2.65,22,65,7,2,0.90625,0.09722222222222222,0.08333333333333333
detrended_snr,2.7,21,66,6,3,0.90625,0.08333333333333333,0.125
detrended_snr,2.75,21,68,4,3,0.9270833333333334,0.05555555555555555,0.125
detrended_snr,2.8000000000000003,21,68,4,3,0.9270833333333334,0.05555555555555555,0.125
detrended_snr,2.85,21,68,4,3,0.9270833333333334,0.05555555555555555,0.125
detrended_snr,2.9000000000000004,21,70,2,3,0.9479166666666666,0.027777777777777776,0.125
detrended_snr,2.95,20,70,2,4,0.9375,0.027777777777777776,0.16666666666666666
detrended_snr,3.0,20,70,2,4,0.9375,0.027777777777777776,0.16666666666666666
detrended_snr,3.0500000000000003,20,70,2,4,0.9375,0.027777777777777776,0.16666666666666666
detrended_snr,3.1,20,70,2,4,0.9375,0.027777777777777776,0.16666666666666666
detrended_snr,3.1500000000000004,20,70,2,4,0.9375,0.027777777777777776,0.16666666666666666
detrended_snr,3.2,19,70,2,5,0.9270833333333334,0.027777777777777776,0.20833333333333334
detrended_snr,3.25,19,70,2,5,0.9270833333333334,0.027777777777777776,0.20833333333333334
detrended_snr,3.3000000000000003,19,70,2,5,0.9270833333333334,0.027777777777777776,0.20833333333333334
detrended_snr,3.35,19,70,2,5,0.9270833333333334,0.027777777777777776,0.20833333333333334
detrended_snr,3.4000000000000004,18,70,2,6,0.9166666666666666,0.027777777777777776,0.25
detrended_snr,3.45,18,70,2,6,0.9166666666666666,0.027777777777777776,0.25
detrended_snr,3.5,16,70,2,8,0.8958333333333334,0.027777777777777776,0.3333333333333333
detrended_snr,3.5500000000000003,16,70,2,8,0.8958333333333334,0.027777777777777776,0.3333333333333333
detrended_snr,3.6,16,70,2,8,0.8958333333333334,0.027777777777777776,0.3333333333333333
detrended_snr,3.6500000000000004,16,70,2,8,0.8958333333333334,0.027777777777777776,0.3333333333333333
detrended_snr,3.7,16,70,2,8,0.8958333333333334,0.027777777777777776,0.3333333333333333
detrended_snr,3.75,16,70,2,8,0.8958333333333334,0.027777777777777776,0.3333333333333333
detrended_snr,3.8000000000000003,15,70,2,9,0.8854166666666666,0.027777777777777776,0.375
detrended_snr,3.85,15,70,2,9,0.8854166666666666,0.027777777777777776,0.375
detrended_snr,3.9000000000000004,15,71,1,9,0.8958333333333334,0.013888888888888888,0.375
detrended_snr,3.95,14,71,1,10,0.8854166666666666,0.013888888888888888,0.4166666666666667
detrended_snr,4.0,14,71,1,10,0.8854166666666666,0.013888888888888888,0.4166666666666667
detrended_snr,4.050000000000001,14,71,1,10,0.8854166666666666,0.013888888888888888,0.4166666666666667
detrended_snr,4.1,14,71,1,10,0.8854166666666666,0.013888888888888888,0.4166666666666667
detrended_snr,4.15,14,71,1,10,0.8854166666666666,0.013888888888888888,0.4166666666666667
detrended_snr,4.2,13,71,1,11,0.875,0.013888888888888888,0.4583333333333333
detrended_snr,4.25,13,71,1,11,0.875,0.013888888888888888,0.4583333333333333
detrended_snr,4.300000000000001,12,71,1,12,0.8645833333333334,0.013888888888888888,0.5
detrended_snr,4.35,12,71,1,12,0.8645833333333334,0.013888888888888888,0.5
detrended_snr,4.4,12,71,1,12,0.8645833333333334,0.013888888888888888,0.5
detrended_snr,4.45,12,71,1,12,0.8645833333333334,0.013888888888888888,0.5
detrended_snr,4.5,12,71,1,12,0.8645833333333334,0.013888888888888888,0.5
detrended_snr,4.55,10,71,1,14,0.84375,0.013888888888888888,0.5833333333333334
detrended_snr,4.6000000000000005,9,71,1,15,0.8333333333333334,0.013888888888888888,0.625
detrended_snr,4.65,9,71,1,15,0.8333333333333334,0.013888888888888888,0.625
detrended_snr,4.7,9,71,1,15,0.8333333333333334,0.013888888888888888,0.625
detrended_snr,4.75,9,72,0,15,0.84375,0.0,0.625
detrended_snr,4.8,7,72,0,17,0.8229166666666666,0.0,0.7083333333333334
detrended_snr,4.8500000000000005,6,72,0,18,0.8125,0.0,0.75
detrended_snr,4.9,6,72,0,18,0.8125,0.0,0.75
detrended_snr,4.95,6,72,0,18,0.8125,0.0,0.75
detrended_snr,5.0,6,72,0,18,0.8125,0.0,0.75
detrended_snr,5.05,6,72,0,18,0.8125,0.0,0.75
detrended_snr,5.1000000000000005,5,72,0,19,0.8020833333333334,0.0,0.7916666666666666
detrended_snr,5.15,5,72,0,19,0.8020833333333334,0.0,0.7916666666666666
detrended_snr,5.2,5,72,0,19,0.8020833333333334,0.0,0.7916666666666666
detrended_snr,5.25,5,72,0,19,0.8020833333333334,0.0,0.7916666666666666
detrended_snr,5.300000000000001,5,72,0,19,0.8020833333333334,0.0,0.7916666666666666
detrended_snr,5.3500000000000005,5,72,0,19,0.8020833333333334,0.0,0.7916666666666666
detrended_snr,5.4,5,72,0,19,0.8020833333333334,0.0,0.7916666666666666
detrended_snr,5.45,4,72,0,20,0.7916666666666666,0.0,0.8333333333333334
detrended_snr,5.5,4,72,0,20,0.7916666666666666,0.0,0.8333333333333334
detrended_snr,5.550000000000001,3,72,0,21,0.78125,0.0,0.875
detrended_snr,5.6000000000000005,3,72,0,21,0.78125,0.0,0.875
detrended_snr,5.65,3,72,0,21,0.78125,0.0,0.875
detrended_snr,5.7,3,72,0,21,0.78125,0.0,0.875
detrended_snr,5.75,3,72,0,21,0.78125,0.0,0.875
detrended_snr,5.800000000000001,3,72,0,21,0.78125,0.0,0.875
detrended_snr,5.8500000000000005,3,72,0,21,0.78125,0.0,0.875
detrended_snr,5.9,3,72,0,21,0.78125,0.0,0.875
detrended_snr,5.95,1,72,0,23,0.7604166666666666,0.0,0.9583333333333334
detrended_snr,6.0,1,72,0,23,0.7604166666666666,0.0,0.9583333333333334
lorentzian_delta_bic,-10.0,24,0,72,0,0.25,1.0,0.0
lorentzian_delta_bic,-9.5,24,0,72,0,0.25,1.0,0.0
lorentzian_delta_bic,-9.0,24,0,72,0,0.25,1.0,0.0
lorentzian_delta_bic,-8.5,24,0,72,0,0.25,1.0,0.0
lorentzian_delta_bic,-8.0,24,0,72,0,0.25,1.0,0.0
lorentzian_delta_bic,-7.5,24,3,69,0,0.28125,0.9583333333333334,0.0
lorentzian_delta_bic,-7.0,24,5,67,0,0.3020833333333333,0.9305555555555556,0.0
lorentzian_delta_bic,-6.5,24,8,64,0,0.3333333333333333,0.8888888888888888,0.0
lorentzian_delta_bic,-6.0,24,15,57,0,0.40625,0.7916666666666666,0.0
lorentzian_delta_bic,-5.5,24,19,53,0,0.4479166666666667,0.7361111111111112,0.0
lorentzian_delta_bic,-5.0,24,28,44,0,0.5416666666666666,0.6111111111111112,0.0
lorentzian_delta_bic,-4.5,24,35,37,0,0.6145833333333334,0.5138888888888888,0.0
lorentzian_delta_bic,-4.0,24,38,34,0,0.6458333333333334,0.4722222222222222,0.0
lorentzian_delta_bic,-3.5,24,40,32,0,0.6666666666666666,0.4444444444444444,0.0
lorentzian_delta_bic,-3.0,24,47,25,0,0.7395833333333334,0.3472222222222222,0.0
lorentzian_delta_bic,-2.5,24,47,25,0,0.7395833333333334,0.3472222222222222,0.0
lorentzian_delta_bic,-2.0,24,55,17,0,0.8229166666666666,0.2361111111111111,0.0
lorentzian_delta_bic,-1.5,24,57,15,0,0.84375,0.20833333333333334,0.0
lorentzian_delta_bic,-1.0,24,58,14,0,0.8541666666666666,0.19444444444444445,0.0
lorentzian_delta_bic,-0.5,24,62,10,0,0.8958333333333334,0.1388888888888889,0.0
lorentzian_delta_bic,0.0,24,64,8,0,0.9166666666666666,0.1111111111111111,0.0
lorentzian_delta_bic,0.5,24,66,6,0,0.9375,0.08333333333333333,0.0
lorentzian_delta_bic,1.0,24,66,6,0,0.9375,0.08333333333333333,0.0
lorentzian_delta_bic,1.5,24,66,6,0,0.9375,0.08333333333333333,0.0
lorentzian_delta_bic,2.0,24,68,4,0,0.9583333333333334,0.05555555555555555,0.0
lorentzian_delta_bic,2.5,24,68,4,0,0.9583333333333334,0.05555555555555555,0.0
lorentzian_delta_bic,3.0,24,69,3,0,0.96875,0.041666666666666664,0.0
lorentzian_delta_bic,3.5,24,70,2,0,0.9791666666666666,0.027777777777777776,0.0
lorentzian_delta_bic,4.0,23,70,2,1,0.96875,0.027777777777777776,0.041666666666666664
lorentzian_delta_bic,4.5,23,70,2,1,0.96875,0.027777777777777776,0.041666666666666664
lorentzian_delta_bic,5.0,23,70,2,1,0.96875,0.027777777777777776,0.041666666666666664
lorentzian_delta_bic,5.5,23,70,2,1,0.96875,0.027777777777777776,0.041666666666666664
lorentzian_delta_bic,6.0,22,70,2,2,0.9583333333333334,0.027777777777777776,0.08333333333333333
lorentzian_delta_bic,6.5,22,71,1,2,0.96875,0.013888888888888888,0.08333333333333333
lorentzian_delta_bic,7.0,22,71,1,2,0.96875,0.013888888888888888,0.08333333333333333
lorentzian_delta_bic,7.5,21,71,1,3,0.9583333333333334,0.013888888888888888,0.125
lorentzian_delta_bic,8.0,21,71,1,3,0.9583333333333334,0.013888888888888888,0.125
lorentzian_delta_bic,8.5,21,71,1,3,0.9583333333333334,0.013888888888888888,0.125
lorentzian_delta_bic,9.0,21,71,1,3,0.9583333333333334,0.013888888888888888,0.125
lorentzian_delta_bic,9.5,21,71,1,3,0.9583333333333334,0.013888888888888888,0.125
lorentzian_delta_bic,10.0,21,71,1,3,0.9583333333333334,0.013888888888888888,0.125
lorentzian_delta_bic,10.5,20,71,1,4,0.9479166666666666,0.013888888888888888,0.16666666666666666
lorentzian_delta_bic,11.0,20,71,1,4,0.9479166666666666,0.013888888888888888,0.16666666666666666
lorentzian_delta_bic,11.5,20,71,1,4,0.9479166666666666,0.013888888888888888,0.16666666666666666
lorentzian_delta_bic,12.0,20,71,1,4,0.9479166666666666,0.013888888888888888,0.16666666666666666
lorentzian_delta_bic,12.5,20,71,1,4,0.9479166666666666,0.013888888888888888,0.16666666666666666
lorentzian_delta_bic,13.0,20,71,1,4,0.9479166666666666,0.013888888888888888,0.16666666666666666
lorentzian_delta_bic,13.5,20,71,1,4,0.9479166666666666,0.013888888888888888,0.16666666666666666
lorentzian_delta_bic,14.0,20,72,0,4,0.9583333333333334,0.0,0.16666666666666666
lorentzian_delta_bic,14.5,20,72,0,4,0.9583333333333334,0.0,0.16666666666666666
lorentzian_delta_bic,15.0,20,72,0,4,0.9583333333333334,0.0,0.16666666666666666
lorentzian_delta_bic,15.5,20,72,0,4,0.9583333333333334,0.0,0.16666666666666666
lorentzian_delta_bic,16.0,20,72,0,4,0.9583333333333334,0.0,0.16666666666666666
lorentzian_delta_bic,16.5,19,72,0,5,0.9479166666666666,0.0,0.20833333333333334
lorentzian_delta_bic,17.0,19,72,0,5,0.9479166666666666,0.0,0.20833333333333334
lorentzian_delta_bic,17.5,19,72,0,5,0.9479166666666666,0.0,0.20833333333333334
lorentzian_delta_bic,18.0,17,72,0,7,0.9270833333333334,0.0,0.2916666666666667
lorentzian_delta_bic,18.5,17,72,0,7,0.9270833333333334,0.0,0.2916666666666667
lorentzian_delta_bic,19.0,16,72,0,8,0.9166666666666666,0.0,0.3333333333333333
lorentzian_delta_bic,19.5,15,72,0,9,0.90625,0.0,0.375
lorentzian_delta_bic,20.0,14,72,0,10,0.8958333333333334,0.0,0.4166666666666667
lorentzian_delta_bic,20.5,14,72,0,10,0.8958333333333334,0.0,0.4166666666666667
lorentzian_delta_bic,21.0,13,72,0,11,0.8854166666666666,0.0,0.4583333333333333
lorentzian_delta_bic,21.5,12,72,0,12,0.875,0.0,0.5
lorentzian_delta_bic,22.0,12,72,0,12,0.875,0.0,0.5
lorentzian_delta_bic,22.5,12,72,0,12,0.875,0.0,0.5
lorentzian_delta_bic,23.0,10,72,0,14,0.8541666666666666,0.0,0.5833333333333334
lorentzian_delta_bic,23.5,8,72,0,16,0.8333333333333334,0.0,0.6666666666666666
lorentzian_delta_bic,24.0,7,72,0,17,0.8229166666666666,0.0,0.7083333333333334
lorentzian_delta_bic,24.5,7,72,0,17,0.8229166666666666,0.0,0.7083333333333334
lorentzian_delta_bic,25.0,5,72,0,19,0.8020833333333334,0.0,0.7916666666666666
lorentzian_delta_bic,25.5,5,72,0,19,0.8020833333333334,0.0,0.7916666666666666
lorentzian_delta_bic,26.0,5,72,0,19,0.8020833333333334,0.0,0.7916666666666666
lorentzian_delta_bic,26.5,4,72,0,20,0.7916666666666666,0.0,0.8333333333333334
lorentzian_delta_bic,27.0,4,72,0,20,0.7916666666666666,0.0,0.8333333333333334
lorentzian_delta_bic,27.5,4,72,0,20,0.7916666666666666,0.0,0.8333333333333334
lorentzian_delta_bic,28.0,2,72,0,22,0.7708333333333334,0.0,0.9166666666666666
lorentzian_delta_bic,28.5,2,72,0,22,0.7708333333333334,0.0,0.9166666666666666
lorentzian_delta_bic,29.0,2,72,0,22,0.7708333333333334,0.0,0.9166666666666666
lorentzian_delta_bic,29.5,1,72,0,23,0.7604166666666666,0.0,0.9583333333333334
lorentzian_delta_bic,30.0,1,72,0,23,0.7604166666666666,0.0,0.9583333333333334
lorentzian_delta_bic,30.5,1,72,0,23,0.7604166666666666,0.0,0.9583333333333334
lorentzian_delta_bic,31.0,0,72,0,24,0.75,0.0,1.0
lorentzian_delta_bic,31.5,0,72,0,24,0.75,0.0,1.0
lorentzian_delta_bic,32.0,0,72,0,24,0.75,0.0,1.0
lorentzian_delta_bic,32.5,0,72,0,24,0.75,0.0,1.0
lorentzian_delta_bic,33.0,0,72,0,24,0.75,0.0,1.0
lorentzian_delta_bic,33.5,0,72,0,24,0.75,0.0,1.0
lorentzian_delta_bic,34.0,0,72,0,24,0.75,0.0,1.0
lorentzian_delta_bic,34.5,0,72,0,24,0.75,0.0,1.0
lorentzian_delta_bic,35.0,0,72,0,24,0.75,0.0,1.0
lorentzian_delta_bic,35.5,0,72,0,24,0.75,0.0,1.0
lorentzian_delta_bic,36.0,0,72,0,24,0.75,0.0,1.0
lorentzian_delta_bic,36.5,0,72,0,24,0.75,0.0,1.0
lorentzian_delta_bic,37.0,0,72,0,24,0.75,0.0,1.0
lorentzian_delta_bic,37.5,0,72,0,24,0.75,0.0,1.0
lorentzian_delta_bic,38.0,0,72,0,24,0.75,0.0,1.0
lorentzian_delta_bic,38.5,0,72,0,24,0.75,0.0,1.0
lorentzian_delta_bic,39.0,0,72,0,24,0.75,0.0,1.0
lorentzian_delta_bic,39.5,0,72,0,24,0.75,0.0,1.0
lorentzian_delta_bic,40.0,0,72,0,24,0.75,0.0,1.0
gaussian_delta_bic,-10.0,24,0,72,0,0.25,1.0,0.0
gaussian_delta_bic,-9.5,24,0,72,0,0.25,1.0,0.0
gaussian_delta_bic,-9.0,24,0,72,0,0.25,1.0,0.0
gaussian_delta_bic,-8.5,24,0,72,0,0.25,1.0,0.0
gaussian_delta_bic,-8.0,24,2,70,0,0.2708333333333333,0.9722222222222222,0.0
gaussian_delta_bic,-7.5,24,5,67,0,0.3020833333333333,0.9305555555555556,0.0
gaussian_delta_bic,-7.0,24,6,66,0,0.3125,0.9166666666666666,0.0
gaussian_delta_bic,-6.5,24,13,59,0,0.3854166666666667,0.8194444444444444,0.0
gaussian_delta_bic,-6.0,24,16,56,0,0.4166666666666667,0.7777777777777778,0.0
gaussian_delta_bic,-5.5,24,21,51,0,0.46875,0.7083333333333334,0.0
gaussian_delta_bic,-5.0,24,24,48,0,0.5,0.6666666666666666,0.0
gaussian_delta_bic,-4.5,24,29,43,0,0.5520833333333334,0.5972222222222222,0.0
gaussian_delta_bic,-4.0,24,36,36,0,0.625,0.5,0.0
gaussian_delta_bic,-3.5,24,39,33,0,0.65625,0.4583333333333333,0.0
gaussian_delta_bic,-3.0,24,41,31,0,0.6770833333333334,0.4305555555555556,0.0
gaussian_delta_bic,-2.5,24,49,23,0,0.7604166666666666,0.3194444444444444,0.0
gaussian_delta_bic,-2.0,24,53,19,0,0.8020833333333334,0.2638888888888889,0.0
gaussian_delta_bic,-1.5,24,54,18,0,0.8125,0.25,0.0
gaussian_delta_bic,-1.0,24,58,14,0,0.8541666666666666,0.19444444444444445,0.0
gaussian_delta_bic,-0.5,24,59,13,0,0.8645833333333334,0.18055555555555555,0.0
gaussian_delta_bic,0.0,24,63,9,0,0.90625,0.125,0.0
gaussian_delta_bic,0.5,24,64,8,0,0.9166666666666666,0.1111111111111111,0.0
gaussian_delta_bic,1.0,24,65,7,0,0.9270833333333334,0.09722222222222222,0.0
gaussian_delta_bic,1.5,24,65,7,0,0.9270833333333334,0.09722222222222222,0.0
gaussian_delta_bic,2.0,24,65,7,0,0.9270833333333334,0.09722222222222222,0.0
gaussian_delta_bic,2.5,24,66,6,0,0.9375,0.08333333333333333,0.0
gaussian_delta_bic,3.0,24,67,5,0,0.9479166666666666,0.06944444444444445,0.0
gaussian_delta_bic,3.5,24,69,3,0,0.96875,0.041666666666666664,0.0
gaussian_delta_bic,4.0,24,70,2,0,0.9791666666666666,0.027777777777777776,0.0
gaussian_delta_bic,4.5,23,70,2,1,0.96875,0.027777777777777776,0.041666666666666664
gaussian_delta_bic,5.0,23,70,2,1,0.96875,0.027777777777777776,0.041666666666666664
gaussian_delta_bic,5.5,23,70,2,1,0.96875,0.027777777777777776,0.041666666666666664
gaussian_delta_bic,6.0,22,71,1,2,0.96875,0.013888888888888888,0.08333333333333333
gaussian_delta_bic,6.5,22,71,1,2,0.96875,0.013888888888888888,0.08333333333333333
gaussian_delta_bic,7.0,22,71,1,2,0.96875,0.013888888888888888,0.08333333333333333
gaussian_delta_bic,7.5,22,71,1,2,0.96875,0.013888888888888888,0.08333333333333333
gaussian_delta_bic,8.0,22,71,1,2,0.96875,0.013888888888888888,0.08333333333333333
gaussian_delta_bic,8.5,22,71,1,2,0.96875,0.013888888888888888,0.08333333333333333
gaussian_delta_bic,9.0,21,71,1,3,0.9583333333333334,0.013888888888888888,0.125
gaussian_delta_bic,9.5,21,71,1,3,0.9583333333333334,0.013888888888888888,0.125
gaussian_delta_bic,10.0,21,71,1,3,0.9583333333333334,0.013888888888888888,0.125
gaussian_delta_bic,10.5,21,71,1,3,0.9583333333333334,0.013888888888888888,0.125
gaussian_delta_bic,11.0,21,71,1,3,0.9583333333333334,0.013888888888888888,0.125
gaussian_delta_bic,11.5,21,71,1,3,0.9583333333333334,0.013888888888888888,0.125
gaussian_delta_bic,12.0,21,71,1,3,0.9583333333333334,0.013888888888888888,0.125
gaussian_delta_bic,12.5,21,71,1,3,0.9583333333333334,0.013888888888888888,0.125
gaussian_delta_bic,13.0,21,71,1,3,0.9583333333333334,0.013888888888888888,0.125
gaussian_delta_bic,13.5,20,71,1,4,0.9479166666666666,0.013888888888888888,0.16666666666666666
gaussian_delta_bic,14.0,20,72,0,4,0.9583333333333334,0.0,0.16666666666666666
gaussian_delta_bic,14.5,20,72,0,4,0.9583333333333334,0.0,0.16666666666666666
gaussian_delta_bic,15.0,20,72,0,4,0.9583333333333334,0.0,0.16666666666666666
gaussian_delta_bic,15.5,20,72,0,4,0.9583333333333334,0.0,0.16666666666666666
gaussian_delta_bic,16.0,20,72,0,4,0.9583333333333334,0.0,0.16666666666666666
gaussian_delta_bic,16.5,20,72,0,4,0.9583333333333334,0.0,0.16666666666666666
gaussian_delta_bic,17.0,20,72,0,4,0.9583333333333334,0.0,0.16666666666666666
gaussian_delta_bic,17.5,19,72,0,5,0.9479166666666666,0.0,0.20833333333333334
gaussian_delta_bic,18.0,19,72,0,5,0.9479166666666666,0.0,0.20833333333333334
gaussian_delta_bic,18.5,19,72,0,5,0.9479166666666666,0.0,0.20833333333333334
gaussian_delta_bic,19.0,18,72,0,6,0.9375,0.0,0.25
gaussian_delta_bic,19.5,18,72,0,6,0.9375,0.0,0.25
gaussian_delta_bic,20.0,18,72,0,6,0.9375,0.0,0.25
gaussian_delta_bic,20.5,17,72,0,7,0.9270833333333334,0.0,0.2916666666666667
gaussian_delta_bic,21.0,17,72,0,7,0.9270833333333334,0.0,0.2916666666666667
gaussian_delta_bic,21.5,17,72,0,7,0.9270833333333334,0.0,0.2916666666666667
gaussian_delta_bic,22.0,15,72,0,9,0.90625,0.0,0.375
gaussian_delta_bic,22.5,15,72,0,9,0.90625,0.0,0.375
gaussian_delta_bic,23.0,15,72,0,9,0.90625,0.0,0.375
gaussian_delta_bic,23.5,14,72,0,10,0.8958333333333334,0.0,0.4166666666666667
gaussian_delta_bic,24.0,13,72,0,11,0.8854166666666666,0.0,0.4583333333333333
gaussian_delta_bic,24.5,13,72,0,11,0.8854166666666666,0.0,0.4583333333333333
gaussian_delta_bic,25.0,12,72,0,12,0.875,0.0,0.5
gaussian_delta_bic,25.5,11,72,0,13,0.8645833333333334,0.0,0.5416666666666666
gaussian_delta_bic,26.0,10,72,0,14,0.8541666666666666,0.0,0.5833333333333334
gaussian_delta_bic,26.5,9,72,0,15,0.84375,0.0,0.625
gaussian_delta_bic,27.0,9,72,0,15,0.84375,0.0,0.625
gaussian_delta_bic,27.5,7,72,0,17,0.8229166666666666,0.0,0.7083333333333334
gaussian_delta_bic,28.0,6,72,0,18,0.8125,0.0,0.75
gaussian_delta_bic,28.5,6,72,0,18,0.8125,0.0,0.75
gaussian_delta_bic,29.0,5,72,0,19,0.8020833333333334,0.0,0.7916666666666666
gaussian_delta_bic,29.5,5,72,0,19,0.8020833333333334,0.0,0.7916666666666666
gaussian_delta_bic,30.0,5,72,0,19,0.8020833333333334,0.0,0.7916666666666666
gaussian_delta_bic,30.5,5,72,0,19,0.8020833333333334,0.0,0.7916666666666666
gaussian_delta_bic,31.0,5,72,0,19,0.8020833333333334,0.0,0.7916666666666666
gaussian_delta_bic,31.5,4,72,0,20,0.7916666666666666,0.0,0.8333333333333334
gaussian_delta_bic,32.0,4,72,0,20,0.7916666666666666,0.0,0.8333333333333334
gaussian_delta_bic,32.5,3,72,0,21,0.78125,0.0,0.875
gaussian_delta_bic,33.0,3,72,0,21,0.78125,0.0,0.875
gaussian_delta_bic,33.5,1,72,0,23,0.7604166666666666,0.0,0.9583333333333334
gaussian_delta_bic,34.0,1,72,0,23,0.7604166666666666,0.0,0.9583333333333334
gaussian_delta_bic,34.5,0,72,0,24,0.75,0.0,1.0
gaussian_delta_bic,35.0,0,72,0,24,0.75,0.0,1.0
gaussian_delta_bic,35.5,0,72,0,24,0.75,0.0,1.0
gaussian_delta_bic,36.0,0,72,0,24,0.75,0.0,1.0
gaussian_delta_bic,36.5,0,72,0,24,0.75,0.0,1.0
gaussian_delta_bic,37.0,0,72,0,24,0.75,0.0,1.0
gaussian_delta_bic,37.5,0,72,0,24,0.75,0.0,1.0
gaussian_delta_bic,38.0,0,72,0,24,0.75,0.0,1.0
gaussian_delta_bic,38.5,0,72,0,24,0.75,0.0,1.0
gaussian_delta_bic,39.0,0,72,0,24,0.75,0.0,1.0
gaussian_delta_bic,39.5,0,72,0,24,0.75,0.0,1.0
gaussian_delta_bic,40.0,0,72,0,24,0.75,0.0,1.0
